Insert Into tblFuncionalidadeGrupo(FuncionalidadeGrupoId, SistemaId, Nome) Values(1, 1, 'Sites Permitidos')
Insert Into tblFuncionalidadeGrupo(FuncionalidadeGrupoId, SistemaId, Nome) Values(2, 1, 'Recursos Dashboard')
Insert Into tblFuncionalidadeGrupo(FuncionalidadeGrupoId, SistemaId, Nome) Values(3, 1, 'Sites Cadastrados')
Insert Into tblFuncionalidadeGrupo(FuncionalidadeGrupoId, SistemaId, Nome) Values(4, 1, 'Menu')
Insert Into tblFuncionalidadeGrupo(FuncionalidadeGrupoId, SistemaId, Nome) Values(5, 1, 'Banner')
Insert Into tblFuncionalidadeGrupo(FuncionalidadeGrupoId, SistemaId, Nome) Values(6, 1, 'Publicações')
Insert Into tblFuncionalidadeGrupo(FuncionalidadeGrupoId, SistemaId, Nome) Values(7, 1, 'Media Center')
Insert Into tblFuncionalidadeGrupo(FuncionalidadeGrupoId, SistemaId, Nome) Values(8, 1, 'Atendimento')
Insert Into tblFuncionalidadeGrupo(FuncionalidadeGrupoId, SistemaId, Nome) Values(9, 1, 'e-Marketing')
Insert Into tblFuncionalidadeGrupo(FuncionalidadeGrupoId, SistemaId, Nome) Values(10, 1, 'Usuários')
Insert Into tblFuncionalidadeGrupo(FuncionalidadeGrupoId, SistemaId, Nome) Values(11, 1, 'Grupo de Usuários')
Insert Into tblFuncionalidadeGrupo(FuncionalidadeGrupoId, SistemaId, Nome) Values(12, 1, 'Configurações')
Insert Into tblFuncionalidadeGrupo(FuncionalidadeGrupoId, SistemaId, Nome) Values(13, 1, 'Regras de Aprovação')
Select * From tblFuncionalidadeGrupo




Select * From tblFuncionalidadeGrupo

Insert Into tblFuncionalidade(FuncionalidadeId, FuncionalidadeGrupoId, Nome, Descricao) Values(1, 1, 'Login Portal', 'Permite a realização de login no portal')
Insert Into tblFuncionalidade(FuncionalidadeId, FuncionalidadeGrupoId, Nome, Descricao) Values(10, 1, 'CCBC - Gerenciador de Conteúdo', null)
Insert Into tblFuncionalidade(FuncionalidadeId, FuncionalidadeGrupoId, Nome, Descricao) Values(20, 1, 'CAM - Gerenciador de Conteúdo', null)

Insert Into tblFuncionalidade(FuncionalidadeId, FuncionalidadeGrupoId, Nome, Descricao) Values(30, 2, 'Visualizar Totalizadores', null)
Insert Into tblFuncionalidade(FuncionalidadeId, FuncionalidadeGrupoId, Nome, Descricao) Values(40, 2, 'Permitir Aprovação/Reprovação de Publicações', null)

Insert Into tblFuncionalidade(FuncionalidadeId, FuncionalidadeGrupoId, Nome, Descricao) Values(50, 3, 'Visualização', null)

Insert Into tblFuncionalidade(FuncionalidadeId, FuncionalidadeGrupoId, Nome, Descricao) Values(60, 4, 'Listar', null)
Insert Into tblFuncionalidade(FuncionalidadeId, FuncionalidadeGrupoId, Nome, Descricao) Values(70, 4, 'Adicionar', null)
Insert Into tblFuncionalidade(FuncionalidadeId, FuncionalidadeGrupoId, Nome, Descricao) Values(80, 4, 'Editar', null)
Insert Into tblFuncionalidade(FuncionalidadeId, FuncionalidadeGrupoId, Nome, Descricao) Values(90, 4, 'Excluir', null)

Insert Into tblFuncionalidade(FuncionalidadeId, FuncionalidadeGrupoId, Nome, Descricao) Values(100, 5, 'Listar', null)
Insert Into tblFuncionalidade(FuncionalidadeId, FuncionalidadeGrupoId, Nome, Descricao) Values(110, 5, 'Adicionar', null)
Insert Into tblFuncionalidade(FuncionalidadeId, FuncionalidadeGrupoId, Nome, Descricao) Values(120, 5, 'Editar', null)
Insert Into tblFuncionalidade(FuncionalidadeId, FuncionalidadeGrupoId, Nome, Descricao) Values(130, 5, 'Excluir', null)

Insert Into tblFuncionalidade(FuncionalidadeId, FuncionalidadeGrupoId, Nome, Descricao) Values(140, 6, 'Listar', null)
Insert Into tblFuncionalidade(FuncionalidadeId, FuncionalidadeGrupoId, Nome, Descricao) Values(150, 6, 'Adicionar', null)
Insert Into tblFuncionalidade(FuncionalidadeId, FuncionalidadeGrupoId, Nome, Descricao) Values(160, 6, 'Editar', null)
Insert Into tblFuncionalidade(FuncionalidadeId, FuncionalidadeGrupoId, Nome, Descricao) Values(170, 6, 'Excluir', null)

Insert Into tblFuncionalidade(FuncionalidadeId, FuncionalidadeGrupoId, Nome, Descricao) Values(175, 7, 'Explorar', null)
Insert Into tblFuncionalidade(FuncionalidadeId, FuncionalidadeGrupoId, Nome, Descricao) Values(180, 7, 'Criar Pasta', null)
Insert Into tblFuncionalidade(FuncionalidadeId, FuncionalidadeGrupoId, Nome, Descricao) Values(190, 7, 'Excluir Pasta', null)
Insert Into tblFuncionalidade(FuncionalidadeId, FuncionalidadeGrupoId, Nome, Descricao) Values(200, 7, 'Renomear Pasta', null)
Insert Into tblFuncionalidade(FuncionalidadeId, FuncionalidadeGrupoId, Nome, Descricao) Values(210, 7, 'Adicionar Arquivo', null)
Insert Into tblFuncionalidade(FuncionalidadeId, FuncionalidadeGrupoId, Nome, Descricao) Values(211, 7, 'Excluir Arquivo', null)
Insert Into tblFuncionalidade(FuncionalidadeId, FuncionalidadeGrupoId, Nome, Descricao) Values(212, 7, 'Editar Arquivo', null)


Insert Into tblFuncionalidade(FuncionalidadeId, FuncionalidadeGrupoId, Nome, Descricao) Values(220, 8, 'Lista de Solicitações', null)

Insert Into tblFuncionalidade(FuncionalidadeId, FuncionalidadeGrupoId, Nome, Descricao) Values(230, 9, 'Mailing', null)
Insert Into tblFuncionalidade(FuncionalidadeId, FuncionalidadeGrupoId, Nome, Descricao) Values(240, 9, 'Templates', null)
Insert Into tblFuncionalidade(FuncionalidadeId, FuncionalidadeGrupoId, Nome, Descricao) Values(250, 9, 'Campanhas', null)
Insert Into tblFuncionalidade(FuncionalidadeId, FuncionalidadeGrupoId, Nome, Descricao) Values(260, 9, 'Eventos', null)
Insert Into tblFuncionalidade(FuncionalidadeId, FuncionalidadeGrupoId, Nome, Descricao) Values(270, 9, 'Relatórios', null)

Insert Into tblFuncionalidade(FuncionalidadeId, FuncionalidadeGrupoId, Nome, Descricao) Values(280, 10, 'Listar', null)
Insert Into tblFuncionalidade(FuncionalidadeId, FuncionalidadeGrupoId, Nome, Descricao) Values(290, 10, 'Adicionar', null)
Insert Into tblFuncionalidade(FuncionalidadeId, FuncionalidadeGrupoId, Nome, Descricao) Values(300, 10, 'Editar', null)
Insert Into tblFuncionalidade(FuncionalidadeId, FuncionalidadeGrupoId, Nome, Descricao) Values(310, 10, 'Excluir', null)

Insert Into tblFuncionalidade(FuncionalidadeId, FuncionalidadeGrupoId, Nome, Descricao) Values(320, 11, 'Listar', null)
Insert Into tblFuncionalidade(FuncionalidadeId, FuncionalidadeGrupoId, Nome, Descricao) Values(330, 11, 'Adicionar', null)
Insert Into tblFuncionalidade(FuncionalidadeId, FuncionalidadeGrupoId, Nome, Descricao) Values(340, 11, 'Editar', null)
Insert Into tblFuncionalidade(FuncionalidadeId, FuncionalidadeGrupoId, Nome, Descricao) Values(350, 11, 'Excluir', null)

Insert Into tblFuncionalidade(FuncionalidadeId, FuncionalidadeGrupoId, Nome, Descricao) Values(360, 12, 'Editar configurações gerais do portal', null)

Insert Into tblFuncionalidade(FuncionalidadeId, FuncionalidadeGrupoId, Nome, Descricao) Values(370, 13, 'Manutenção de Regras e Associações', null)



Select * From tblFuncionalidade

/*
Select * From tblUsuarioFuncionalidade

Insert Into tblUsuarioFuncionalidade(UsuarioId, FuncionalidadeId, Ativo, Parametro)
Values(1, 10, 1, null)
Insert Into tblUsuarioFuncionalidade(UsuarioId, FuncionalidadeId, Ativo, Parametro)
Values(1, 280, 1, null)
Insert Into tblUsuarioFuncionalidade(UsuarioId, FuncionalidadeId, Ativo, Parametro)
Values(1, 300, 1, null)
*/